[Question 1:]
intro_to_sql=# SELECT name FROM robots WHERE source = 'The Hitchhiker''s Guide to the Galaxy';
     name
--------------
 Marvin
 Deep Thought
(2 rows)

[Question 2:]
intro_to_sql=# SELECT name FROM robots WHERE personality = 'anxious';
 name
------
 C3PO
(1 row)

[Question 3:]
intro_to_sql=# SELECT name FROM recipes WHERE nut_free = true;
                   name
-------------------------------------------
 Butternut Squash Bake
 Vegetarian Bibimbap
 French Veggie Loaf
 Quinoa and Black Beans
 Juicy Roasted Chicken
 Garlic Green Beans
 Stout Slow Cooker Corned Beef and Veggies
(7 rows)

[Question 4:]
intro_to_sql=# SELECT COUNT(*) FROM recipes WHERE gluten_free = true AND vegetarian = false;
 count
-------
     2
(1 row)

[Question 5:]
intro_to_sql=# SELECT name FROM animals ORDER BY number_of_legs DESC LIMIT 1;
  name
---------
 octopus
(1 row)

[Question 6:]
intro_to_sql=# SELECT name FROM board_games ORDER BY mins_to_play ASC LIMIT 1;   name
----------
 Sushi Go
(1 row)
